city,locality,latitude,longitude
ahmedabad,Shela,23.0108213,72.4427119
ahmedabad,Bopal,23.0385802,72.4587752
ahmedabad,Ghuma,23.0295113,72.4506006
ahmedabad,Jagatpur,23.0991611,72.5517013
ahmedabad,Chandlodia,23.0836489,72.5520835
ahmedabad,Vishala,22.9954909,72.5335463
ahmedabad,Gota,23.1010002,72.5408363
ahmedabad,Vaishno Devi Circle,23.160401,72.5425111
ahmedabad,Shantigram,23.160401,72.5425111
ahmedabad,Bodakdev,23.0445921,72.517344
ahmedabad,Vasna,23.0020055,72.5472413
ahmedabad,Chandkheda,23.1100643,72.5811205
ahmedabad,South Bopal,23.0235385,72.470527
ahmedabad,Jodhpur,23.0169268,72.5204317
ahmedabad,Prahlad Nagar,22.9999369,72.5050111
ahmedabad,Nirnay Nagar,23.0697965,72.5524459
ahmedabad,Paldi,23.0145531,72.5635432
ahmedabad,Science City,23.077854,72.494798
ahmedabad,Ambawadi,23.0226117,72.5490834
ahmedabad,Satellite,23.0241524,72.5324576
ahmedabad,Sola,23.069237,72.5111307
ahmedabad,Shilaj,23.0544372,72.4720756
ahmedabad,Tragad,23.1283467,72.558657
ahmedabad,Ramdev Nagar,23.0264444,72.5120935
ahmedabad,Thaltej,23.0485393,72.511742
ahmedabad,Naranpura,23.0567133,72.5508575
ahmedabad,Chharodi,23.0393458,72.2748933
ahmedabad,Makarba,22.996342,72.5043085
ahmedabad,Vastrapur,23.0400861,72.5290418
ahmedabad,Motera,23.0917717,72.5973345
ahmedabad,Shyamal,23.0154366,72.5292622
ahmedabad,Ognaj,23.1177924,72.5136803
ahmedabad,Maninagar,22.9986596,72.6114013
ahmedabad,Ghatlodiya,23.075569,72.549728
ahmedabad,Science Park,23.0796054,72.4947908
ahmedabad,Ellisbridge,23.0231657,72.5602628
ahmedabad,Bhat,23.1170709,72.6283409
ahmedabad,Memnagar,23.0516973,72.535169
ahmedabad,Vastral,22.9948656,72.6624431
ahmedabad,Ambli,23.0287179,72.481643
ahmedabad,Vikram Nagar,23.0474805,72.5437932
ahmedabad,Hanspura,23.0810804,72.6819875
ahmedabad,Shantipura,22.9892244,72.4717181
ahmedabad,GIDC Naroda,23.0908562,72.6718084
ahmedabad,New Ranip,23.092529,72.561323
ahmedabad,Odhav,23.0255796,72.6653505
ahmedabad,Bhadaj,23.0868734,72.4835036
ahmedabad,Navrangpura,23.0359998,72.5643429
ahmedabad,Vejalpur,23.0069372,72.5208415
ahmedabad,Isanpur,22.9811295,72.6012948
ahmedabad,Shahibaug,23.0556364,72.5965538
ahmedabad,Sarkhej,22.983483,72.5007203
ahmedabad,Chanakyapuri,23.086171,72.534872
ahmedabad,Nava Naroda,23.0687402,72.6734956
ahmedabad,Hansol,23.0759257,72.630564
ahmedabad,Navarangpura,23.0349829,72.5672189
ahmedabad,New Maninagar,23.0188317,72.6004561
ahmedabad,Sanand,23.0238876,72.3851475
ahmedabad,Gurukul,23.0457058,72.5268056
ahmedabad,Lambha,22.9317728,72.5749418
ahmedabad,Koteshwar,23.0945918,72.6119846
ahmedabad,Nikol,23.0589329,72.6718737
ahmedabad,Naroda,23.0854097,72.6580946
ahmedabad,Bavla,22.8278859,72.3684741
ahmedabad,Vatva,22.9589978,72.6297981
ahmedabad,Ranip,23.0766234,72.5764197
ahmedabad,Changodar,22.9402206,72.4567127
ahmedabad,Gulbai Tekra,23.0265739,72.5489628
ahmedabad,Juhapura,23.0040778,72.5285046
ahmedabad,Usmanpura,23.0494863,72.5672615
ahmedabad,Dholera,22.2495856,72.1959892
ahmedabad,Daskroi,23.0963746,72.7104024
ahmedabad,Mahadev Nagar,23.0795703,72.5673052
ahmedabad,Thakkarbapa Nagar,23.0389161,72.6396895
ahmedabad,Sanathal,22.9645191,72.4704112
ahmedabad,Ghodasar,22.9785228,72.6101796
ahmedabad,Khokhra,23.0008422,72.6186315
ahmedabad,Godhavi,23.0233196,72.4087089
ahmedabad,Nava Vadaj,23.0682238,72.5640995
ahmedabad,Ramol,23.0080221,72.6303338
ahmedabad,Sabarmati,23.0770712,72.5890677
ahmedabad,Hathijan,22.9411139,72.6674473
ahmedabad,Acher,23.0987428,72.5883112
ahmedabad,Sanidhya,23.0017905,72.513187
ahmedabad,Kathwada,23.0329173,72.6830623
ahmedabad,Amraiwadi,23.0057574,72.6269822
ahmedabad,Manipur,23.0355463,72.4221954
ahmedabad,Aslali,22.9163581,72.5921757
ahmedabad,Moraiya,22.9306513,72.4407996
ahmedabad,Krishna Nagar Society,23.1672834,72.8160261
ahmedabad,Dholka,22.726607,72.4411863
ahmedabad,Bapunagar,23.0324369,72.6313566
ahmedabad,Kasindra,22.8927975,72.4910926
ahmedabad,Hansalpur Becharaji,23.4910018,72.0180387
ahmedabad,Kuber Nagar,23.0735173,72.6415892
ahmedabad,Hatkeshwar,22.9993349,72.6245126
ahmedabad,Khadia,23.02139,72.5892915
ahmedabad,Kankaria,23.0017632,72.5940885
ahmedabad,Hebatpur,22.1398631,72.1004929
ahmedabad,Janta Nagar,23.1071309,72.5856397
ahmedabad,Gokuldham,22.9796533,72.4561544
ahmedabad,Kuha,23.0002244,72.7975237
ahmedabad,Navjivan,23.0536919,72.6427073
ahmedabad,Dani Limda,22.9964913,72.5774026
ahmedabad,India Colony,23.0616704,72.6721767
ahmedabad,Geratpur,22.9168572,72.6551837
ahmedabad,Shahpur,23.0392105,72.5810327
ahmedabad,Asarwa,23.0472488,72.6088046
ahmedabad,Behrampura,23.0035894,72.58384
ahmedabad,Kalupur,23.0263312,72.601
ahmedabad,Sardar Colony,23.0154866,72.5842146
ahmedabad,Bhadra,23.0238245,72.5812092
ahmedabad,Khanpur,23.0329288,72.5766297
ahmedabad,Daran,22.8717541,72.3518921
ahmedabad,Gamdi,22.906922,72.6372785
ahmedabad,Lapkaman,23.1317378,72.4982466
ahmedabad,Gandhinagar,23.0229473,72.5064761
ahmedabad,Telav,22.9830383,72.4352211
ahmedabad,Chekhla,23.058825,72.3686102
ahmedabad,Kolat,22.9552343,72.4222572
ahmedabad,Rakhial,23.0205265,72.6060445
bengaluru,Balagere,12.9377243,77.7280705
bengaluru,Chokkanahalli,13.0850788,77.6263539
bengaluru,Gunjur Palya,12.9228378,77.7188315
bengaluru,Kambipura,12.8822711,77.4606466
bengaluru,Chikkakannalli,12.893703,77.7081315
bengaluru,V. Kallahalli,13.1065809,77.7881984
bengaluru,Electronic City,12.8487599,77.648253
bengaluru,Yadavanahalli,12.7836552,77.7461411
bengaluru,Gummanahalli,13.4149455,77.386528
bengaluru,Kadagrahara,12.8629979,77.763056
bengaluru,Anantapura,13.1150894,77.5679972
bengaluru,Dommasandra,12.8777098,77.7534769
bengaluru,Electronic City Phase 2,12.8468545,77.6769267
bengaluru,Chikkanagamangala,12.8565333,77.6927891
bengaluru,Devinagar,13.0475147,77.5709945
bengaluru,Kalkere,13.0344453,77.6766779
bengaluru,Varthur,12.9406508,77.746988
bengaluru,Kaggadasapura,12.9812262,77.6745845
bengaluru,Thanisandra,13.0522499,77.6316152
bengaluru,Murugeshpalya,12.9589406,77.6555917
bengaluru,Richards Town,13.0042369,77.6170601
bengaluru,K R Puram,13.0005461,77.6754561
bengaluru,Vasanth Nagar,12.9921738,77.591459
bengaluru,Hosahalli,12.9660431,77.5414979
bengaluru,Byatarayanapura,13.068322,77.591006
bengaluru,Halasahalli,12.9331044,77.7578807
bengaluru,Doddakannelli,12.9115381,77.6934164
bengaluru,Kadugodi,12.9957428,77.7579489
bengaluru,Begur,12.8633887,77.6130112
bengaluru,Byrathi,13.0578901,77.6721894
bengaluru,Chikkagubbi Village,13.0806067,77.6662218
bengaluru,Vakil Garden City,12.8612572,77.5353297
bengaluru,Rayasandra,12.8795774,77.6719842
bengaluru,Kannamangala - Whitefield Hoskote Road,13.0236624,77.7613829
bengaluru,Sarjapur,12.9116225,77.6388622
bengaluru,Bellandur,12.9320495,77.6842915
bengaluru,Kalyan Nagar,13.0221416,77.6403368
bengaluru,New Tippasandra,12.9743857,77.6469645
bengaluru,Kumaraswamy Layout,12.9150398,77.5678879
bengaluru,Cox Town,12.9934858,77.6251081
bengaluru,Narayanapura,13.0716969,77.6193949
bengaluru,Varanasi,13.0304962,77.6860657
bengaluru,Budigere Cross,13.0462134,77.7504125
bengaluru,RR Nagar,12.9314733,77.5290964
bengaluru,Hoodi,12.9959233,77.7192796
bengaluru,Visthar,13.0719702,77.6573707
bengaluru,Rajajinagar,13.0005359,77.5496996
bengaluru,Panathur,12.9351457,77.7047541
bengaluru,Kasavanahalli,12.8977737,77.6745075
bengaluru,Medahalli,13.0278454,77.7206079
bengaluru,C V Raman Nagar,12.9856478,77.6649767
bengaluru,HSR Layout,12.9116225,77.6388622
bengaluru,Koramangala,12.9357366,77.624081
bengaluru,Kasturi Nagar,13.0015277,77.6512362
bengaluru,Sheshadripuram,12.9971207,77.5806755
bengaluru,Horamavu,13.0273312,77.6601508
bengaluru,Hebbal Kempapura,13.050194,77.6075951
bengaluru,Bilekahalli,12.9046331,77.6070945
bengaluru,NRI Layout,13.0270718,77.6792795
bengaluru,Shivaji Nagar,12.9883249,77.6004488
bengaluru,Agrahara Layout,13.0978927,77.62596
bengaluru,Mallasandra,13.0548302,77.5155741
bengaluru,Arakere,12.8854515,77.6034249
bengaluru,Subramanyapura,12.8992578,77.5321721
bengaluru,Gunjur Village,13.4279345,77.5131493
bengaluru,Yelahanka New Town,13.0978039,77.5811889
bengaluru,Vajarahalli,12.8775389,77.544745
bengaluru,Basavanagudi,12.9417261,77.5755021
bengaluru,Mahadevapura,12.9965445,77.6927176
bengaluru,Hulimavu,12.8773486,77.6028031
bengaluru,Mahalakshmi Layout,13.0113153,77.5446972
bengaluru,Padmanabhanagar,12.9181024,77.5576638
bengaluru,Gottigere,12.8565317,77.5877237
bengaluru,S.G. Palya,12.9324773,77.6046399
bengaluru,Cooke Town,13.0021998,77.6251814
bengaluru,Kodathi,12.8905129,77.7133427
bengaluru,JP Nagar,12.9096941,77.5866067
bengaluru,Whitefield,12.9957428,77.7579489
bengaluru,Puttenahalli,12.8950778,77.5849188
bengaluru,Indira Nagar,12.9732913,77.6404672
bengaluru,Banaswadi,13.0141618,77.6518539
bengaluru,Nagarbhavi,12.9512353,77.519054
bengaluru,Cheemasandra,13.0509021,77.7405306
bengaluru,Banashankari Temple Ward,12.9117233,77.5707877
bengaluru,Yeswanthpur,13.0221838,77.5530824
bengaluru,Dooravani Nagar,12.9947771,77.676929
bengaluru,Basavanagar,12.9864077,77.7183756
bengaluru,Frazer Town,12.9975851,77.6136744
bengaluru,Hosakerehalli,12.9299371,77.5374237
bengaluru,Yelahanka,13.1006982,77.5963454
bengaluru,RMV Extension Stage 2,13.0222132,77.5781101
bengaluru,Bommanahalli,12.9034581,77.6230028
bengaluru,Kannuru,13.0967426,77.6535003
bengaluru,Akshayanagar,12.8750432,77.6164914
bengaluru,HBR Layout,13.031992,77.6280789
bengaluru,Kengeri,12.9176571,77.4837568
bengaluru,Kodagalahatti,13.144498,77.6292417
bengaluru,Nagareshwara - Nagenahalli,13.0702817,77.6425172
bengaluru,Benson Town,12.997343,77.6036815
bengaluru,Richmond Town,12.963555,77.6015856
bengaluru,Kanakapura,12.5450268,77.4199095
bengaluru,Amrutahalli,13.0662319,77.6007646
bengaluru,Singasandra,12.8787382,77.642089
bengaluru,Jakkur,13.0784743,77.6068938
bengaluru,Kogilu,13.1067228,77.6173956
bengaluru,Nagavara,13.0374647,77.623602
bengaluru,Bommenahalli,13.0742536,77.7465943
bengaluru,Virupakshapura,13.0638109,77.5717581
bengaluru,Doddanekundi,12.9713194,77.6964768
bengaluru,GB Palya,13.0226152,77.7057327
bengaluru,Doddakallasandra,12.8846862,77.552751
bengaluru,Sultanpalya,13.0266392,77.6039706
bengaluru,K Channasandra,13.040022,77.6796248
bengaluru,Sompura,12.8778283,77.4972385
bengaluru,Anchepalya,13.050527,77.47942
bengaluru,Sahakara Nagar,13.0621474,77.5800614
bengaluru,Vijayanagar,12.9709537,77.5373851
bengaluru,Battarahalli,13.015119,77.7094485
bengaluru,Halasuru,12.9778793,77.6246697
bengaluru,Hosur,12.9116225,77.6388622
bengaluru,Nehru Nagar,12.9829907,77.5744995
bengaluru,Anekal,12.7822858,77.7412015
bengaluru,Kempegowda Nagar,13.0024805,77.5259388
bengaluru,Parappana Agrahara,12.8802088,77.6658442
bengaluru,Jalahalli,13.0394104,77.5197351
bengaluru,Sanjaynagar,13.0281982,77.5796524
bengaluru,Kadubeesanahalli,12.9366109,77.7047316
bengaluru,Brookefield,12.9652094,77.717936
bengaluru,Ramamurthy Nagar,13.0120218,77.6777817
bengaluru,Thirumagondanahalli,12.7891738,77.7172447
bengaluru,Kammanahalli,13.0148544,77.6382029
bengaluru,Hongasandra,12.8986261,77.6286732
bengaluru,Hebbal,13.0382184,77.5919
bengaluru,Vidyaranyapura,13.0766407,77.5577315
bengaluru,Kyalasanahalli,13.0564575,77.6591321
bengaluru,Harlur,12.9058923,77.675465
bengaluru,Choodasandra,12.8883623,77.6799727
bengaluru,Marathahalli,12.9552572,77.6984163
bengaluru,Chandapura,12.8009043,77.7114908
bengaluru,Kudlu Gate,12.8895775,77.6394582
bengaluru,BTM Layout,12.9140008,77.6102821
bengaluru,Bommasandra,12.8160161,77.6892217
bengaluru,Kudlu,12.8889126,77.6555716
bengaluru,Kothanur,12.8701259,77.5820178
bengaluru,Malleswaram,13.0027353,77.5703253
bengaluru,Jayanagar,12.9292731,77.5824229
bengaluru,Nagondanahalli,12.97516,77.7703403
bengaluru,New Baiyyappanahalli,12.9866435,77.6444255
bengaluru,Sanjeevini Nagar,12.9162546,77.5891812
bengaluru,Thirupalya,12.821203,77.6660463
bengaluru,Goravigere,13.0433268,77.7687211
bengaluru,Devarachikkana Halli,12.8847643,77.6218621
bengaluru,Yelachenahalli,12.9006508,77.569226
bengaluru,Konanakunte,12.8792861,77.5697529
bengaluru,Doddabommasandra,13.0544347,77.559327
bengaluru,Annapurneshwari Nagar,12.9770585,77.6318947
bengaluru,Kalena Agrahara,12.8658068,77.5911918
bengaluru,Carmelaram,12.9111998,77.7065133
bengaluru,Hoskote,13.0318443,77.7618779
bengaluru,Kaggalipura,12.855621,77.7246606
bengaluru,Devanahalli,13.2483502,77.7134377
bengaluru,Attibele,12.7751249,77.7709216
bengaluru,T Dasarahalli,13.0450201,77.5076896
bengaluru,Shanti Nagar,12.9555367,77.5924278
bengaluru,Bidaraguppe,12.8060574,77.7862873
bengaluru,Chansandra,12.982522,77.7605253
bengaluru,Bengaluru North,13.0222347,77.5671832
bengaluru,Sampangi Rama Nagar,12.9666076,77.5925094
bengaluru,Singapura,13.0819544,77.5550718
bengaluru,Hennur,13.037077,77.6413572
bengaluru,Kodipalya,12.9004224,77.4871294
bengaluru,Thindlu,13.0784125,77.5733312
bengaluru,Madhura Nagar,13.0201988,77.569176
bengaluru,Chikkadunnasandra,12.8501962,77.7742942
bengaluru,Samethanahalli,12.979363,77.7907328
bengaluru,Gattahalli,12.8685628,77.7026913
bengaluru,KPC Layout,12.9041861,77.6778517
bengaluru,Sampigehalli,13.0805925,77.6291328
bengaluru,Konadasapura,13.0441926,77.7566409
bengaluru,Muneshwara Nagar,13.0052451,77.7132511
bengaluru,Basapura,12.8686664,77.6441741
bengaluru,Baiyappanahalli,12.9907594,77.6523612
bengaluru,Bendiganahalli,12.8125911,77.7377299
bengaluru,Chambenahalli,12.8886379,77.7662379
bengaluru,Yamare,12.8716739,77.7610456
bengaluru,Huvinayakanahalli,13.1478821,77.6896848
bengaluru,B.Hosahalli,12.9660431,77.5414979
bengaluru,Mangammanapalya,12.9070833,77.6351607
bengaluru,Victoria Layout,12.9656579,77.6142682
bengaluru,Hunasamaranahalli,13.1398615,77.6230512
bengaluru,Gunjur,12.9209772,77.7361016
bengaluru,Raghuvanahalli,13.0850111,77.7600477
bengaluru,Jigani,12.7746089,77.6351385
bengaluru,Chikkabanavara,13.0746787,77.5056373
bengaluru,Vittasandra,12.8699226,77.6272278
bengaluru,Kartik Nagar,12.9783896,77.637303
bengaluru,Kachamaranahalli,12.9046015,77.7337528
bengaluru,Kaikondrahalli,12.9138348,77.6775268
bengaluru,Kodigehalli,13.0031666,77.7272835
bengaluru,Nagegowdanapalya,12.8683303,77.5142974
bengaluru,Vignana Kendra,13.0705989,77.5867134
bengaluru,Banashankari,12.9278196,77.556621
bengaluru,Chamrajpet,12.9584184,77.5629161
bengaluru,Chikkalasandra,12.9121916,77.5476337
bengaluru,Tejaswini Nagar,12.8601269,77.6053051
bengaluru,Hemmigepura,12.8819289,77.4854975
bengaluru,Somasundarapalya,12.8994357,77.6524573
bengaluru,Margondanahalli,13.0302592,77.6935252
bengaluru,Marsur,12.7541941,77.7146318
bengaluru,Abbigere,13.0784176,77.5245316
bengaluru,Harohalli,13.1305028,77.5804603
bengaluru,Kengeri Satellite Town,12.9229728,77.4842926
bengaluru,Junnasandra,12.9064203,77.6835161
bengaluru,Chandra Layout Stage 1,12.955333,77.5238903
bengaluru,Gonighattapura,12.9132925,77.7886655
bengaluru,Adugodi,12.9440234,77.6088867
bengaluru,Jayamahal,12.9959881,77.6014036
bengaluru,Sivanchetti Gardens,12.9845768,77.6131984
bengaluru,ISRO Layout,12.8974283,77.5573828
bengaluru,BTM Layout 2nd Stage,12.9140082,77.607945
bengaluru,Jalahalli West,13.0533332,77.5306036
bengaluru,Domlur Layout,12.9644251,77.6349677
bengaluru,Yadiyuru,12.9270984,77.5766513
bengaluru,Geddalahalli,13.0367681,77.5675668
bengaluru,Huskur,12.8607674,77.7071019
bengaluru,Kadugodi Industrial Area,12.9907478,77.7467309
bengaluru,Madivala,12.9214542,77.6211213
bengaluru,Mavalli,12.9528478,77.5819643
bengaluru,Mathikere,13.0333587,77.5581786
bengaluru,RT Nagar,13.0227204,77.595715
bengaluru,Ganganagar,13.0275463,77.5905718
bengaluru,Ullalu,12.9583897,77.4797902
bengaluru,Chikkadasarahalli,12.8928749,77.7859653
bengaluru,Sunkalpalya,12.9096102,77.4923086
bengaluru,Lakshmisagara,12.8120887,77.7235401
bengaluru,Kacharakanahalli,13.0222071,77.6319093
bengaluru,Kamakshipalya,12.9858669,77.5331755
bengaluru,Prakruthi Township,13.0308767,77.6521533
bengaluru,Mahalakshmipuram,13.0095381,77.5424596
bengaluru,Gantiganahalli,13.1380705,77.5777211
bengaluru,Kodihalli,12.9635497,77.6460411
bengaluru,Bileshivale,13.0543306,77.6710224
bengaluru,Mailasandra,12.915939,77.4932278
bengaluru,Bagalur,13.0079918,77.6184726
bengaluru,Agrahara,13.0979764,77.6183872
bengaluru,Jigala,12.8003482,77.7630096
bengaluru,Channahalli,13.1767981,77.6274939
bengaluru,Dasanayakanahalli,13.1177764,77.6930034
bengaluru,Sarvagnanagar,12.9954832,77.6239259
bengaluru,Gopasandra,12.8474202,77.73726
bengaluru,Mallathahalli,12.969649,77.5023618
bengaluru,Lingarajapuram,13.0093949,77.6267881
bengaluru,Kattigenahalli,13.1177735,77.6261222
bengaluru,Ramanagara,12.7252766,77.2804797
bengaluru,Basaveshwara Nagar,12.991257,77.5384096
bengaluru,Sunkadakatte,12.9951556,77.5022163
bengaluru,Ittangur,12.88154,77.7892434
bengaluru,Doddabele,12.8884898,77.4716806
bengaluru,Dasanapura,12.7467724,77.7742876
bengaluru,Anjanapura Township,12.8615644,77.5296769
bengaluru,S.Medihalli,12.7338988,77.737204
bengaluru,Hullahalli,12.8244922,77.6175213
bengaluru,Basavanapura,13.0093485,77.7108379
bengaluru,Bharat Nagar,12.9730088,77.5804711
bengaluru,Anjanapura,12.8601312,77.5540587
bengaluru,Banashankari 6th Stage 4th Block,12.8733717,77.5139352
bengaluru,SMV Layout,12.8819431,77.6728073
bengaluru,Ashok Nagar,12.9694359,77.6092319
bengaluru,Andrahalli,13.0196883,77.4889451
bengaluru,Gnana Bharathi,12.9529035,77.5158003
bengaluru,Vishveshwaraya Nagar,12.9312736,77.5704231
bengaluru,Chikkabettahalli,13.0894554,77.556171
bengaluru,Attiguppe,12.9618581,77.5335932
bengaluru,Thathaguni,12.8417411,77.5191173
bengaluru,Gangondanahalli,13.0292813,77.4846821
bengaluru,Judicial Layout,13.0837692,77.5860438
bengaluru,Nelamangala,13.1149134,77.3825603
bengaluru,Kadabagere,12.9857708,77.4789451
bengaluru,Bendre Nagar,12.910206,77.5639218
bengaluru,Tunganagara,12.985503,77.485068
bengaluru,Hancharahalli Village,13.0929065,77.7501562
bengaluru,Chikkagubbi,13.0822582,77.6616026
bengaluru,Koppa Gate,12.796407,77.6158042
bengaluru,Manganahalli,12.9568799,77.4686083
bengaluru,Kachohalli,13.0097462,77.4794715
bengaluru,Pavamanapura,12.874757,77.5170837
bengaluru,ITI Layout,13.004908,77.6046672
bengaluru,Kurubarahalli,13.0008414,77.5359036
bengaluru,Maruthi Nagar,12.9746062,77.6756305
bengaluru,Vimanapura,12.96218,77.6635462
bengaluru,Neraluru,12.7845589,77.7383327
bengaluru,Bidarahalli,13.0619796,77.7145707
bengaluru,Anagalapura,13.067107,77.6840813
bengaluru,Ejipura,12.945245,77.6274776
bengaluru,Hebbagodi,12.8295017,77.6767979
bengaluru,Varadanahalli,13.2566993,77.5654678
bengaluru,Deepanjali Nagar,12.9520466,77.5370399
bengaluru,Nadaprabhu Kempegowda layout,12.9189209,77.4518795
bengaluru,Kada Agrahara,12.8608726,77.7594187
bengaluru,Tigalarapalya,12.9933277,77.7220587
bengaluru,Seegehalli,13.0164845,77.71748
bengaluru,Dodda Gubbi,13.0712038,77.6731772
bengaluru,Soundarya Layout,13.066906,77.4967968
bengaluru,D Group Employees Layout,13.0987089,77.6926314
bengaluru,Yelahanka Satellite Town,13.0988898,77.5806518
bengaluru,HAL,12.9557759,77.6881147
bengaluru,Rajanukunte,13.1691299,77.5599986
bengaluru,Kamala Nagar,12.9450536,77.5586486
bengaluru,Sidedahalli,13.0625424,77.4953754
bengaluru,Kammasandra,12.8607619,77.7415192
bengaluru,Aduru,13.0559357,77.7051427
bengaluru,Laggere,13.0108677,77.5207301
bengaluru,Hirandahalli,13.0409567,77.7254833
bengaluru,Machohalli,13.0065559,77.4520643
bengaluru,Mylasandra,12.9160293,77.497544
bengaluru,Rampura,12.6071373,77.4096562
bengaluru,S.Bingipura,12.7561242,77.6247388
bengaluru,Arasinakunte,13.0824543,77.4161472
bengaluru,Ramasandra,12.8055112,77.6148944
bengaluru,Virupakshipura,12.5800842,77.2313012
bengaluru,Wilson Garden,12.9489339,77.5968273
bengaluru,Banashankari 6th Stage 6th Block,12.8793396,77.5034003
bengaluru,Maruthi Sevanagar,13.0027048,77.6346165
bengaluru,Vibhutipura,12.9676625,77.6761038
bengaluru,Panduranga Nagar,12.8930758,77.5961351
bengaluru,Bapuji Nagar,12.9556699,77.5402492
bengaluru,Mandur,13.0816555,77.7370228
bengaluru,Peenya,13.0330515,77.5332233
bengaluru,Guguttahalli,13.0902249,77.9074822
bengaluru,Azad Nagar,12.9559212,77.5566879
bengaluru,Byalahalli,12.9396109,77.8159456
bengaluru,Magadi,12.9756527,77.5553548
bengaluru,CK Palya,12.840559,77.593575
bengaluru,Maragondanahalli,13.0376489,77.6922232
bengaluru,Bodanahosahalli,12.978421,77.8019552
bengaluru,Nimbekaipura,13.0521677,77.7536644
bengaluru,Doddanagamangala,12.8668341,77.6644155
bengaluru,Hesaraghatta,13.1042269,77.4730361
bengaluru,Harapanahalli,12.7910051,77.6209489
bengaluru,Nandini Layout,13.0125961,77.5333145
bengaluru,Dombarahalli,13.0487558,77.4608658
bengaluru,Doddaballapura,13.2929583,77.5431463
bengaluru,Veerasagara,13.1022266,77.5568168
bengaluru,Attibele Industrial Area,12.7812983,77.742266
bengaluru,Bheemanakuppe,12.9072993,77.4397866
bengaluru,Kadugondanahalli,13.0207029,77.6215464
bengaluru,Chikkabidarakallu,13.0523616,77.4879154
bengaluru,Dasarahalli,13.0464819,77.5176977
bengaluru,Singanayakanahalli,13.1478621,77.5693207
bengaluru,Bannerughatta,12.7981134,77.5843744
bengaluru,T.B Cross,13.1303632,77.4843686
bengaluru,Hejjala,12.8553687,77.4169835
bengaluru,Sulikunte,12.8881819,77.7292185
bengaluru,Jalahalli East,13.0677872,77.5445642
bengaluru,Kundana,12.9597192,77.7029037
bengaluru,Aranakuppe,12.5664781,77.443381
bengaluru,Chikkajala,13.1679234,77.6372834
bengaluru,Ramohalli,12.9068193,77.4203949
bengaluru,Bidadi,12.7988507,77.3869947
bengaluru,Kumbaranahalli,12.7487878,77.6629827
bengaluru,Shringaripura,13.1012734,77.7409174
bengaluru,Lakkondahalli,13.1080057,77.7762788
bengaluru,Shettigere,13.1954297,77.649453
bengaluru,Kammasandra Agrahara,12.7408334,77.7023221
bengaluru,Pujanahalli,13.216271,77.6572142
bengaluru,Kakaramanahalli,12.8296975,77.362826
bengaluru,Kolar,12.9414714,77.7190262
bengaluru,Byalalu,12.8966299,77.3751033
bengaluru,Doddakammanahalli,12.8509089,77.5986785
bengaluru,Suragajakkanahalli,12.7361919,77.6654422
bengaluru,Marasandra,13.1039235,77.7114248
bengaluru,Bukkasagara,12.7746089,77.6351385
bengaluru,Shankanipura,13.1049101,77.7711674
chennai,Kamaraj Nagar,12.9942424,80.2569278
chennai,Thiruneermalai,12.9454304,80.1186599
chennai,Pammal,13.0347902,80.1994677
chennai,Selaiyur,12.9454304,80.1186599
chennai,Pallikaranai,12.9304748,80.2077692
chennai,Adyar,13.00645,80.2577791
chennai,Korattur,13.1115484,80.1846272
chennai,Madipakkam,12.9611348,80.2001292
chennai,Adambakkam,12.9822215,80.209121
chennai,Keelkattalai,12.9521755,80.1860309
chennai,Kilpauk,13.0832149,80.2379864
chennai,Ambattur Industrial Estate,13.0922855,80.1675492
chennai,Ambattur,13.1193746,80.1507648
chennai,Chromepet,12.9575007,80.1435066
chennai,Tambaram,12.920695,80.1968278
chennai,Manapakkam,13.0147531,80.1744935
chennai,Navalur,12.8445841,80.2264618
chennai,Pallavaram,12.9675742,80.1520504
chennai,Kolathur,13.1241127,80.2046276
chennai,Retteri Lake,13.1412385,80.2120536
chennai,Vadakkupattu,12.9247904,80.1880677
chennai,Siruseri,12.8012826,80.1991871
chennai,Pudupakkam,13.06124,80.27017
chennai,Jeth Nagar,13.027831,80.262238
chennai,Kotturpuram,13.0193703,80.2435512
chennai,Oragadam,13.130791,80.1529145
chennai,Maraimalai Nagar,13.0177793,80.224953
chennai,Kundrathur,13.0306501,80.1529176
chennai,Gerugambakkam,13.0152345,80.1368538
chennai,Nanmangalam,12.9382161,80.1782483
chennai,Kelambakkam,12.7862487,80.221994
chennai,Kovilambakkam,12.9392427,80.1825888
chennai,Gopalapuram,13.0497324,80.2582028
chennai,Medavakkam,12.9229928,80.1882897
chennai,Ayanavaram,13.0946157,80.23541
chennai,Moulivakkam,13.0222692,80.1413929
chennai,Tiruvottiyur,13.1563873,80.3005279
chennai,Perungudi,12.9710239,80.2418051
chennai,Perumbakkam,12.9050095,80.1968629
chennai,Padur,12.8054706,80.2247264
chennai,Poonamallee,13.0268604,80.1730484
chennai,Vengaivasal,12.8985106,80.1809212
chennai,Thoraipakkam,12.9486868,80.2064613
chennai,Perungalathur,12.9256549,80.10437
chennai,Tambaram East,12.9454304,80.1186599
chennai,Guindy,13.0086685,80.2126063
chennai,Velachery,12.9801655,80.2228506
chennai,Guduvancheri,12.8439997,80.0603546
chennai,Ramapuram,13.0298609,80.1780333
chennai,Royapettah,13.0554718,80.2639706
chennai,Perambur,13.1121242,80.245022
chennai,KK Nagar,13.0386493,80.2052158
chennai,Raja Annamalai Puram,13.0244783,80.253937
chennai,Ullagaram,12.9765868,80.1967196
chennai,Pozhichalur,12.9905297,80.1440498
chennai,Kattupakkam,13.0430617,80.122765
chennai,Sembakkam,12.912761,80.1919207
chennai,Chembarambakkam,13.016769,80.1367942
chennai,Mudichur,12.9509306,80.2110235
chennai,Velappanchavadi,13.0610323,80.1386139
chennai,Thiruvanmiyur,12.9858948,80.2644215
chennai,Valasaravakkam,13.0410164,80.1721682
chennai,Alwarpet,13.0338602,80.2545491
chennai,Sithalapakkam,12.8917047,80.1851133
chennai,Anna Nagar,13.0872004,80.2164421
chennai,Chitlapakkam,12.9409671,80.1377244
chennai,Semmancheri,12.8751861,80.2106332
chennai,Chetpet,13.0717448,80.2437973
chennai,Teynampet,13.0443237,80.2498455
chennai,Sholinganallur,12.9174426,80.2164902
chennai,Nanganallur,12.9801242,80.184902
chennai,CIT Nagar,13.0293843,80.2342825
chennai,Mylapore,13.0316473,80.2700166
chennai,Lakshmipuram,13.1304812,80.2133666
chennai,Vinayakapuram,13.1398634,80.2056795
chennai,Mogappair,13.0835142,80.1840779
chennai,Porur,13.0320131,80.158304
chennai,Chengalpattu,12.9521755,80.1860309
chennai,Nungambakkam,13.0620626,80.240487
chennai,Kolapakkam,13.0097074,80.1528994
chennai,Neelankarai,12.9454955,80.2574692
chennai,Banu Nagar,13.1336747,80.1591518
chennai,Bhaskar Colony,13.0527627,80.1985277
chennai,Abiramapuram,13.0304402,80.2567984
chennai,T Nagar,13.034405,80.2301597
chennai,Ottiambakkam,12.8938782,80.1833463
chennai,Kottivakkam,12.9705053,80.2615033
chennai,Vanagaram,13.0869718,80.1608822
chennai,Kodambakkam,13.049207,80.2242829
chennai,Shenoy Nagar,13.0789409,80.2251326
chennai,Mahabalipuram,12.8887013,80.2273686
chennai,Choolaimedu,13.0666287,80.2305198
chennai,Avadi,13.0268604,80.1730484
chennai,Besant Nagar,12.9996907,80.2682259
chennai,Karapakkam,12.9117073,80.2277203
chennai,Maduravoyal,13.0601732,80.1665988
chennai,Vandalur,12.9638657,80.2160187
chennai,Injambakkam,12.9189367,80.251295
chennai,West Tambaram,12.9256549,80.10437
chennai,Kanathur,12.8505026,80.2411932
chennai,Vadapalani,13.0509304,80.2120661
chennai,Meenambakkam,12.9866009,80.1726357
chennai,kanchipuram,12.8483107,79.705073
chennai,Egmore,13.0728321,80.2576906
chennai,Padi,13.1035851,80.1920425
chennai,Karthikeyapuram,12.9625935,80.1945242
chennai,Mugalivakkam,13.0205798,80.1685163
chennai,Koyambedu,13.0734496,80.1948363
chennai,Saligramam,13.0583406,80.1985327
chennai,Nandanam,13.0317092,80.2411957
chennai,Purasawalkam,13.0893275,80.2550331
chennai,Villivakkam,13.1125875,80.2081378
chennai,Mambakkam,12.912761,80.1919207
chennai,Tambaram Sanatorium,12.9381279,80.1345359
chennai,Ashok Nagar,13.0400731,80.2159247
chennai,Virugambakkam,13.0475434,80.1922181
chennai,Thirumullaivoyal,13.1309288,80.131225
chennai,Madhavaram,13.1429313,80.2325166
chennai,Choolai,13.0906283,80.2621417
chennai,Anna Nagar West,13.0940791,80.1922978
chennai,Mogappair East,13.0835142,80.1840779
chennai,West Mambalam,13.0428296,80.2270184
chennai,Triplicane,13.0604285,80.2750704
chennai,Thousand Lights,13.0585155,80.2587833
chennai,Thazhambur,12.872018,80.2055374
chennai,Kumananchavadi,13.0451067,80.1156733
chennai,Kovur,13.0125315,80.1211467
chennai,Puzhal,13.1636492,80.2038067
chennai,Thiruvallur,13.1470219,80.2869758
chennai,Aminjikarai,13.0721399,80.2205453
chennai,Vyasarpadi,13.1169726,80.2571242
chennai,Saidapet,13.020817,80.2239536
chennai,Arumbakkam,13.074371,80.2081312
chennai,Pulianthope,13.1003849,80.2683122
chennai,Kazhipattur,12.8304206,80.2295685
chennai,Mangadu,13.0580877,80.2439658
chennai,Uthandi,12.8687677,80.247209
chennai,Mandaveli,13.0258445,80.2627877
chennai,Washermanpet,13.1089648,80.2820095
chennai,Varadharajapuram,12.9275987,80.2057473
chennai,Ayapakkam,13.0990884,80.1425236
chennai,Surapet,13.1453624,80.1835483
chennai,Jamalia,13.1064019,80.2493548
chennai,Muttukadu,12.8063999,80.2422292
chennai,Pazhavanthangal,12.9883524,80.1891324
chennai,Tondiarpet,13.1275202,80.2819242
chennai,Veppampattu,13.125886,80.0101118
chennai,Pattabiram,13.1215291,80.0639365
chennai,Sevvapet,13.1293328,79.9702214
chennai,Nemilicheri,13.1249292,80.032941
chennai,Madhavaram Milk Colony,13.1554081,80.2425246
chennai,Manali New Town,13.2116618,80.2771598
chennai,Walajabad,12.9458601,80.208867
chennai,Kovalam,12.7867576,80.2496014
chennai,Periyar Nagar,13.1151671,80.223666
chennai,Red Hills,13.1649493,80.1816203
chennai,Manali,13.1672275,80.2598107
chennai,Mettukuppam,13.0592324,80.1746118
chennai,Sriperumbudur,13.0420169,80.1791101
chennai,Kadambur,12.961791,80.1875274
chennai,Tiruvallur,13.1085782,80.2114995
chennai,Thiruporur,12.9122358,80.2290329
chennai,Vallalar Nagar,13.1019255,80.2787773
chennai,Old Washermanpet,13.1122762,80.2893812
chennai,Kanchipuram,12.8483107,79.705073
chennai,Edayanchavadi,13.2169796,80.2850172
chennai,Oragadam Ambattur,13.130791,80.1529145
chennai,George Town,13.0920917,80.2822426
chennai,Moovarasampettai,12.9693665,80.1833591
chennai,J Nagar,12.8881885,80.2484508
chennai,Minjur,13.2878195,80.2558605
chennai,KAnchipuram,12.8483107,79.705073
chennai,Ennore,13.2258262,80.3243551
delhi,Sector 7 Dwarka,28.5861818,77.0711318
delhi,New Delhi,28.6138954,77.2090057
delhi,Sector 5 Dwarka,28.5711087,77.0730945
delhi,Sector 11 Dwarka,28.5895514,77.0499983
delhi,Sector 22 Dwarka,28.5579591,77.0580701
delhi,Burari,28.7536438,77.2016511
delhi,Sector 4 Dwarka,28.601669,77.0489574
delhi,Sector 2 Dwarka,28.5711087,77.0730945
delhi,Sector 18 Dwarka,28.5696878,77.0643221
delhi,Sector 10 Dwarka,28.5843113,77.0576933
delhi,Sector 12 Dwarka,28.5989466,77.0388399
delhi,Sector 14 Dwarka,28.6041966,77.029238
delhi,Sector 9 Dwarka,28.5790689,77.0654186
delhi,Rajpur,28.6818027,77.2188175
delhi,Sector 6 Dwarka,28.5592726,77.0666248
delhi,Uday Park,28.5603016,77.219519
delhi,Maidan Garhi,28.4987734,77.1944475
delhi,Uttam Nagar,28.6215226,77.0611064
delhi,Neb Sarai,28.5055007,77.2014964
delhi,Razapur Khurd,28.6380731,77.0315269
delhi,Karampura,28.6646486,77.1472319
delhi,Hastsal,28.6359648,77.0487636
delhi,Nawada,28.6202758,77.0450787
delhi,Chhattarpur,28.503846,77.183032
delhi,Sector 9 Rohini,28.7165032,77.1137155
delhi,Pitampura,28.7032676,77.1322497
delhi,Sector 24 Rohini,28.7326849,77.0884608
delhi,Bharthal,28.5437276,77.048947
delhi,Paschim Vihar,28.6695782,77.095956
delhi,Freedom Fighters Enclave,28.5094555,77.1986538
delhi,Subzi Mandi,28.6355124,77.3214822
delhi,Vikaspuri,28.638643,77.0731382
delhi,Dwarka Mor,28.61931,77.0332792
delhi,Chandra Park,28.6849252,77.2032636
delhi,Satbari,28.4829696,77.1873236
delhi,Sector 17 Dwarka,28.5923185,77.0286151
delhi,Okhla Industrial Area,28.5475409,77.2828271
delhi,Suraj Vihar,28.6128277,77.0318333
delhi,Vasant Kunj,28.5292495,77.1541335
delhi,Said-Ul-Ajaib,28.5173369,77.2025984
delhi,Chandan Hola,28.4680311,77.1823025
delhi,DLF Farms,28.4823661,77.1724534
delhi,Sector 13 Rohini,28.7236228,77.1277781
delhi,Sector 14 Rohini,28.7144056,77.1296923
delhi,Sewak Park,28.6166042,77.0353853
delhi,Hauz Khas,28.5498087,77.2077638
delhi,Karol Bagh,28.6529982,77.1890227
delhi,Saket,28.521168,77.2022237
delhi,Sheikh Sarai,28.5368964,77.2222387
delhi,Mahavir Enclave,28.600032,77.0789777
delhi,Shivalik,28.5353753,77.2081104
delhi,Mukundpur,28.7172545,77.1818101
delhi,Mandi,28.4397525,77.1434049
delhi,Dhul Siras,28.5540827,77.0303918
delhi,Khanpur,28.5127982,77.2323949
delhi,Sector 18 Rohini,28.7413557,77.1323967
delhi,Jasola,28.5427353,77.2913342
delhi,Sangam Vihar,28.5057128,77.2484672
delhi,Mehrauli,28.5218262,77.1783232
delhi,Naraina,28.6264562,77.1349668
delhi,Sector 19 Rohini,28.7408172,77.133125
delhi,Najafgarh Road Industrial Area,28.6581639,77.1421631
delhi,Najafgarh,28.6124504,76.9865067
delhi,Janakpuri,28.6219272,77.0874757
delhi,Sector 19 Dwarka,28.5649787,77.0510412
delhi,Munirka,28.554886,77.1710841
delhi,Madhu Vihar,28.636056,77.3043835
delhi,Sarita Vihar,28.5334785,77.2935232
delhi,Ashok Vihar,28.6885171,77.1739339
delhi,Greater Kailash II,28.5338204,77.242467
delhi,Sector 16 Dwarka,28.6163607,77.0240517
delhi,Anand Vihar,28.6468919,77.316053
delhi,Timarpur,28.7012629,77.2186795
delhi,Vasant Vihar,28.557827,77.1611168
delhi,Sector 3 Rohini,28.7140551,77.1159961
delhi,Sukhdev Vihar,28.5597477,77.2749004
delhi,Rajouri Garden,28.6511896,77.1242597
delhi,Kalkaji,28.5469476,77.258801
delhi,Sector 4 Rohini,28.7075742,77.1025918
delhi,Mukherjee Nagar,28.7125567,77.2144044
delhi,Surajmal Vihar,28.6608095,77.3075455
delhi,Palam,28.5918933,77.0828242
delhi,Siddhartha Extension,28.5810163,77.2594423
delhi,Sector 23 Dwarka,28.5592726,77.0666248
delhi,Kotla Mubarakpur,28.5759348,77.2251127
delhi,Hari Nagar,28.6296489,77.1119344
delhi,Sarvodaya Enclave,28.5374084,77.2018601
delhi,Sultanpur,28.4991235,77.1613745
delhi,Mayur Vihar Phase 1,28.6035543,77.2899208
delhi,Patparganj,28.6115923,77.2905644
delhi,Kalkaji Extension,28.5295646,77.2634622
delhi,Alaknanda,28.5293364,77.2516323
delhi,Patel Nagar,28.6450127,77.1692817
delhi,Chittaranjan Park,28.5376883,77.2516536
delhi,Gazipur,28.6232992,77.3266629
delhi,Jamia Nagar,28.5687308,77.2848272
delhi,Dilshad Garden,28.6758864,77.321446
delhi,New Ashok Nagar,28.5890885,77.3015085
delhi,Safdarjung Enclave,28.56502,77.1925584
delhi,Rajinder Nagar,28.6365331,77.1830556
delhi,Matiala,28.609631,77.0467536
delhi,Sector 27 Dwarka,28.5384372,77.0426287
delhi,Sector 37 Rohini,28.7548507,77.0560234
delhi,Kalyan Vihar,28.6917865,77.1971156
delhi,Sector 3 Dwarka,28.6096158,77.0370442
delhi,Sant Nagar,28.5548352,77.2495194
delhi,Sector 1 Dwarka,28.5968507,77.0735024
delhi,Sector 15 Dwarka,28.6007245,77.0429417
delhi,Aya Nagar,28.4764911,77.1329132
delhi,Sector 23 Rohini,28.7232982,77.0501195
delhi,Bindapur,28.6126708,77.0721766
delhi,Sector 16B Dwarka,28.6030005,77.0203476
delhi,Sector 8 Dwarka,28.5711087,77.0730945
delhi,Panchsheel Park,28.5423747,77.2210916
delhi,Sector 22 Rohini,28.7192546,77.0652677
delhi,Vasundhara Enclave,28.6017308,77.3211059
delhi,Vinod Nagar West,28.6232401,77.2989383
delhi,Paharganj,28.6414989,77.2140607
delhi,Sector 16A Dwarka,28.5939822,77.0237771
delhi,Nangli Sakrawati,28.6196158,77.0016997
delhi,Sri Niwaspuri,28.564251,77.2562806
delhi,Kishangarh,28.5194277,77.1665351
delhi,Sector 5 Rohini,28.7081851,77.1241964
delhi,Ramesh Nagar,28.6527444,77.1316496
delhi,Dera Mandi,28.4406931,77.1505465
delhi,Sector 8 Rohini,28.6997763,77.1091863
delhi,Sector 15 Rohini,28.721424,77.1367138
delhi,Sector 29 Rohini,28.7649368,77.0903003
delhi,Greater Kailash I,28.5512676,77.2360199
delhi,Model Town,28.707334,77.1885231
delhi,West End,28.5747614,77.1630662
delhi,Garhi,28.6798074,77.0926793
delhi,Punjabi Bagh,28.672995,77.1461239
delhi,GTB Nagar,28.6981333,77.2063998
delhi,Malviya Nagar,28.5339201,77.2124474
delhi,Greater Kailash,28.5419077,77.2384925
delhi,South Extension II,28.5668357,77.2200829
delhi,Green Park Extension,28.5607037,77.2036565
delhi,New Friends Colony,28.5671008,77.2697643
delhi,Soami Nagar,28.5425871,77.2242898
delhi,Shahdara,28.6758661,77.2985078
delhi,Kailash Colony,28.5553298,77.2419637
delhi,Kondli,28.6070816,77.3243319
delhi,Narela,28.8464766,77.0856631
delhi,East Of Kailash,28.5570322,77.2446139
delhi,Civil Lines,28.6806862,77.2225999
delhi,Laxmi Nagar,28.6305974,77.277523
delhi,Subhash Nagar,28.6404628,77.1052347
delhi,Shanti Niketan,28.5731509,77.1644656
delhi,Green Park,28.5564421,77.2038699
delhi,Defence Colony,28.5713575,77.2330402
delhi,Nizamuddin East,28.5896671,77.2503854
delhi,New Rajinder Nagar,28.6357855,77.1841395
delhi,Sector 25 Rohini,28.7273157,77.0981584
delhi,Anand Lok,28.5572924,77.2191223
delhi,Lajpat Nagar,28.5660924,77.2432851
delhi,Fateh Nagar,28.6315015,77.1006012
delhi,Rajokri,28.5131702,77.1107659
delhi,Bharat Vihar,28.6085248,77.0286097
delhi,Rani Khera,28.7061763,77.0234192
delhi,Nasirpur,28.6003415,77.0904236
delhi,Maharani Bagh,28.5720013,77.2633718
delhi,Bijwasan,28.5369587,77.0512889
delhi,Preet Vihar,28.6414409,77.2952594
delhi,Badarpur,28.4932633,77.3030303
delhi,R.K. Puram,28.5503805,77.1855231
delhi,Sagar Pur,28.7021208,77.272172
delhi,Connaught Place,28.6314022,77.2193791
delhi,Jaitpur,28.4994499,77.306197
delhi,Kirari Suleman Nagar,28.700001,77.0555546
delhi,Nangloi,28.6824007,77.0647319
delhi,Anand Niketan,28.5785457,77.1638649
delhi,Sundar Nagar,28.61893,76.961584
delhi,Khirki Extension,28.5150686,77.2548357
delhi,Dashrath Puri,28.60185,77.0823751
delhi,Azadpur,28.7070448,77.1803722
delhi,Panchsheel Enclave,28.5440522,77.2291407
delhi,Vivek Vihar,28.6691641,77.312267
delhi,Sector 6 Rohini,28.7118426,77.1110711
delhi,Vishnu Garden,28.6524333,77.1000592
delhi,Sector 11 Rohini,28.7301892,77.1122162
delhi,Sector 16 Rohini,28.7349627,77.1146848
delhi,Sector 21 Rohini,28.7141587,77.067565
delhi,Barwala,28.7613474,77.0618819
delhi,Johripur,28.7172505,77.2869559
delhi,Sultanpuri,28.6996553,77.0662843
delhi,Trilokpuri,28.6056473,77.3066482
delhi,Bankner,28.8528173,77.0767213
delhi,Krishna Nagar,28.6578127,77.2901199
delhi,Mandoli,28.6949824,77.3016595
delhi,Sudarshan Park,28.6614996,77.1339838
delhi,Gokalpur,28.7049901,77.2925731
delhi,South Extension I,28.5705664,77.2203844
delhi,Sector 38 Rohini,28.732808,77.0538033
delhi,Dichaon Kalan,28.6405697,76.9827287
delhi,Baprola,28.6403835,77.0128901
delhi,Mayur Vihar Phase 3,28.6018747,77.3259814
delhi,Mangolpuri,28.6836984,77.0914827
delhi,Ghevra,28.6852384,76.9961591
delhi,Sector 31 Rohini,28.7393808,77.0799866
delhi,Shakti Nagar,28.6793047,77.19448
delhi,Sainik Farm,28.503746,77.2160725
delhi,Moti Nagar,28.657859,77.1424288
delhi,Sector 28 Dwarka,28.5452737,77.0325541
delhi,Ashok Nagar,28.6360207,77.101822
delhi,Ranhola,28.6580019,77.0359234
delhi,Pandav Nagar,28.619553,77.2830355
delhi,Karawal Nagar,28.7311406,77.2747898
delhi,Sector 39 Rohini,28.7232982,77.0501195
delhi,Budh Vihar,28.5512592,77.1709353
delhi,Safdarjung Development Area,28.549364,77.1990557
delhi,Mahipalpur,28.544537,77.1279229
delhi,Bhalswa,28.7454994,77.1588277
delhi,Nilothi,28.6504282,77.0622744
delhi,Tilak Nagar,28.6365482,77.0964961
delhi,West Sagarpur,28.605046,77.1006018
delhi,Mohan Cooperative Industrial Estate,28.6339792,77.2237249
delhi,Khaira,28.5964178,76.9686524
delhi,Sector 7 Rohini,28.7079332,77.1239996
delhi,Vijay Nagar,28.6313702,77.0471177
delhi,Bali Nagar,28.6541384,77.128178
delhi,Sadar Bazaar,28.6499077,77.2261794
delhi,Yamuna Vihar,28.700372,77.2727728
delhi,Roop Nagar,28.6852212,77.2007247
delhi,Sector 26 Rohini,28.7328492,77.090112
delhi,Bhatti Kalan,28.430613,77.2255786
delhi,Rohini Sector 28,28.7371252,77.1095611
delhi,Shastri Nagar,28.6700885,77.1818589
delhi,Sector 20 Rohini,28.7101947,77.0709271
delhi,Rohini Extension,28.7548507,77.0560234
delhi,Sector 17 Rohini,28.7342799,77.1135027
delhi,Malka Ganj,28.6764176,77.2089386
delhi,Tagore Garden Extension,28.6518058,77.1150797
delhi,Kirti Nagar,28.6545409,77.1513605
delhi,Sarvapriya Vihar,28.5422362,77.2073492
delhi,Dabri,28.6100971,77.0888864
delhi,Sector 23B Dwarka,28.5712425,77.0582575
delhi,Jharoda Majra Burari,28.7292215,77.2073254
delhi,Swasthya Vihar,28.6403307,77.288905
delhi,Raja Garden,28.652182,77.1263056
delhi,Inder Puri,28.729945,77.1707212
delhi,Asola,28.4530528,77.1847701
delhi,Mukherji Park,28.6425517,77.1020573
delhi,Shalimar Bagh,28.7019574,77.1654317
delhi,Sector 67,28.7367477,77.1112326
delhi,Govindpuri,28.5351561,77.2637936
delhi,Arjun Nagar,28.5613346,77.198257
delhi,Navjeevan Vihar,28.5330653,77.2003358
delhi,Jangpura,28.5830386,77.2393151
delhi,Ganesh Nagar,28.6250692,77.2851699
delhi,Shakurpur,28.6857668,77.1496094
delhi,Mandawali,28.628772,77.2939554
delhi,Geetanjali Enclave,28.5299358,77.2022965
delhi,Sarai Rohilla,28.6644729,77.1838135
delhi,Rangpuri,28.5400349,77.1197754
gurgaon,Sector 69,28.3960701,77.0372311
gurgaon,Sector 89,28.4184455,76.9457567
gurgaon,Sector 76,28.3910112,76.9900243
gurgaon,Sector 85,28.403652,76.9531428
gurgaon,Sector 111,28.5222773,77.0336203
gurgaon,Sector 80,28.3702173,76.9611159
gurgaon,Sector 70A,28.3846684,77.0220391
gurgaon,Sector 47,28.4251572,77.0475128
gurgaon,Sector 84,28.4082289,76.9630245
gurgaon,Manesar,28.3247096,76.9263787
gurgaon,Sector 49,28.4128851,77.0498362
gurgaon,Sector 65,28.404656,77.0690467
gurgaon,Sector 36A,28.4202285,76.9719998
gurgaon,Sector 82A,28.3858766,76.9639317
gurgaon,Sector 89A,28.4342681,76.999294
gurgaon,Sector 88A,28.4337898,76.9539433
gurgaon,Sector 107,28.506941,76.9752137
gurgaon,Sector 99,28.4645549,76.9628585
gurgaon,Sector 92,28.4089049,76.9155232
gurgaon,Sector 102,28.4754872,76.9711747
gurgaon,Sector 79,28.4219647,76.9568078
gurgaon,Sector 63,28.3964476,77.086498
gurgaon,Sector 108,28.5128994,76.9823615
gurgaon,Sector 37C,28.4489095,76.9880502
gurgaon,Sohna,28.3241636,77.0848644
gurgaon,Sector 77,28.3832337,76.982557
gurgaon,Sector 106,28.5060806,76.9967796
gurgaon,Sector 60,28.3985617,77.0978276
gurgaon,Sector 67,28.3864052,77.0598046
gurgaon,Sector 86,28.3981205,76.9411257
gurgaon,Sector 61,28.4110188,77.0963685
gurgaon,Sushant Lok Phase 1,28.4545693,77.0826249
gurgaon,Sector 93,28.4156048,76.931638
gurgaon,Sector 81,28.3873647,76.9475835
gurgaon,Sector 95,28.4149443,76.9114892
gurgaon,Sector 70,28.3947261,77.0223138
gurgaon,Sector 62,28.407697,77.0823781
gurgaon,Sector 53,28.4415191,77.096805
gurgaon,Sector 37D,28.4480039,76.9697682
gurgaon,Sector 50,28.4166536,77.0611745
gurgaon,Sector 88,28.4219647,76.9568078
gurgaon,Sector 33,28.4384785,77.0251655
gurgaon,Sector 43,28.4548735,77.0858864
gurgaon,Kadarpur,28.3918989,77.0609767
gurgaon,Sector 68,28.388897,77.0459859
gurgaon,Sector 90,28.4069974,76.9365562
gurgaon,Sector 109,28.5109205,77.0065956
gurgaon,Sector 103,28.493087,76.9866453
gurgaon,Sector 104,28.4795324,76.9937197
gurgaon,Sector 91,28.4007588,76.9210802
gurgaon,Palra,28.3775134,77.0217214
gurgaon,Sector 59,28.4030162,77.1066682
gurgaon,Sector 58,28.4160012,77.1085564
gurgaon,Sector 71,28.4064564,77.0233125
gurgaon,Sector 54,28.4416111,77.1118718
gurgaon,Sector 83,28.3981087,76.9732873
gurgaon,Sector 36,28.419334,76.9889256
gurgaon,DLF Phase 1,28.4765171,77.090194
gurgaon,Sector 112,28.5203402,77.0188612
gurgaon,Sector 72,28.4159257,77.0290772
gurgaon,Sector 113,28.5286649,77.0250282
gurgaon,Sector 57,28.4232478,77.0804487
gurgaon,Sector 48,28.4104903,77.0394627
gurgaon,Sector 15 Part 2,28.3604448,77.0677558
gurgaon,Sector 99A,28.4554059,76.9510278
gurgaon,Sector 45,28.4449004,77.0663545
gurgaon,Sector 66,28.3974292,77.0538823
gurgaon,Sector 82,28.3931076,76.9588762
gurgaon,Sector 22,28.506318,77.0655182
gurgaon,DLF Phase 2,28.483901,77.0846097
gurgaon,DLF Phase 5,28.503445,77.0952048
gurgaon,Sector 95A,28.4342681,76.999294
gurgaon,Sector 56,28.4253232,77.0985157
gurgaon,Sector 110,28.5069625,77.018321
gurgaon,Sector 14,28.473784,77.0471827
gurgaon,Sector 88B,28.4420223,76.9538495
gurgaon,Sector 110A,28.5159108,77.0276475
gurgaon,Sector 74,28.4112763,77.010669
gurgaon,Sector 78,28.3725283,76.9702955
gurgaon,Palam Vihar,28.5054709,77.0381625
gurgaon,Sector 7,28.4662572,77.0142654
gurgaon,Sector 28,28.4741302,77.0825722
gurgaon,Sector 52,28.4368166,77.0795276
gurgaon,Sector 42,28.4558973,77.1084759
gurgaon,Sector 1,28.5187814,77.0418623
gurgaon,Sector 55,28.4274166,77.1097538
gurgaon,Gwal Pahari,28.4326344,77.1480585
gurgaon,Palam Vihar Extension,28.5007712,77.0398992
gurgaon,Sector 9,28.3840986,76.8861337
gurgaon,DLF Phase 3,28.4919048,77.0937804
gurgaon,Sector 13,28.4745997,77.036719
gurgaon,Sector 15,28.3843199,76.9122326
gurgaon,Sector 11,28.3781429,76.8753775
gurgaon,Sector 11 Sohna,28.3241636,77.0848644
gurgaon,Sector 51,28.4287011,77.0666877
gurgaon,Civil Lines,28.4616851,77.0339023
gurgaon,Sector 30,28.4616245,77.0566819
gurgaon,Sector 74A,28.4108506,76.9991194
gurgaon,Sector 26A,28.4703865,77.0993053
gurgaon,Sector 31,28.4540044,77.0497179
gurgaon,Sector 5,28.4803924,77.0190946
gurgaon,Sector 27,28.4646566,77.0839505
gurgaon,Sector 39,28.4423675,77.0504724
gurgaon,Sector 4,28.4750063,77.0103535
gurgaon,Sector 41,28.4569188,77.0646046
gurgaon,Sector 46,28.4359133,77.0584045
gurgaon,Sector 10,28.4445813,77.0060231
gurgaon,Sector 40,28.4500427,77.0577093
gurgaon,Sector 23,28.510319,77.0530094
gurgaon,Sector 10A,28.4445813,77.0060231
gurgaon,Sector 3,28.4973905,77.020526
gurgaon,Sector 105,28.4943133,77.0081378
gurgaon,Sector 23A,28.5056942,77.0463022
gurgaon,Sector 12,28.3924111,76.8985144
gurgaon,DLF Phase 4,28.4919048,77.0937804
gurgaon,Sector 21,28.5143629,77.0730087
gurgaon,Ashok Vihar Phase 2,28.4967161,77.0274408
gurgaon,Sector 38,28.4351423,77.0403538
gurgaon,Sector 3A,28.3661709,76.8916108
gurgaon,Sector 37,28.4342681,76.999294
gurgaon,Sector 8,28.4598966,77.0198043
gurgaon,Ashok Vihar Phase 1,28.4967161,77.0274408
gurgaon,Patel Nagar,28.4655641,77.0392943
gurgaon,Ashok Vihar Phase 3 Extension,28.495084,77.0248389
gurgaon,Maruti Kunj,28.3593202,77.077969
gurgaon,Bhondsi,28.3504798,77.0618737
gurgaon,Pataudi,28.3014799,76.7500701
gurgaon,Garhi Harsaru,28.4382985,76.9307249
gurgaon,Sector 6,28.4753259,77.0258279
gurgaon,Sector 17,28.4758035,77.0607773
gurgaon,Sector 9B,28.4563803,76.981012
gurgaon,Sultanpur,28.4600139,76.888971
gurgaon,Farukh Nagar,28.4474356,76.8262064
gurgaon,Sector 52A,28.4396186,77.0905891
gurgaon,Sector 95B,28.4219647,76.9568078
gurgaon,Binola,28.2979628,76.863794
gurgaon,Sector 32,28.4458035,77.0413169
gurgaon,Sector 73,28.4088081,77.0161691
gurgaon,Bahora Kalan,28.3067038,76.841067
gurgaon,Sector 29,28.4669197,77.0671306
gurgaon,Mayfield Garden,28.4216404,77.060495
gurgaon,Southern Peripheral Road,28.4021644,77.0382675
gurgaon,Sector 24,28.4944811,77.1013038
gurgaon,Sector 64,28.3914643,77.0761983
gurgaon,Sector 102A,28.4830826,76.9779064
gurgaon,Sector 15 Part 1,28.3843199,76.9122326
hyderabad,Begumpet,17.446195,78.463016
hyderabad,Kondapur,17.4587912,78.3730556
hyderabad,Sangareddy,17.5277951,78.267446
hyderabad,Chandanagar,17.4872976,78.3322142
hyderabad,Hafeezpet,17.4834409,78.3611316
hyderabad,Mansoorabad,17.3541765,78.5652906
hyderabad,Suchitra,17.5023414,78.4839362
hyderabad,Financial District,17.4042541,78.3305213
hyderabad,Bachupally,17.536648,78.3644736
hyderabad,Lingampally,17.4881832,78.316112
hyderabad,Gajularamaram,17.5271759,78.4200077
hyderabad,Miyapur,17.4981608,78.3567628
hyderabad,Osman Nagar,17.4418133,78.2782231
hyderabad,Serilingampally,17.4667166,78.340421
hyderabad,Kompally,17.5354868,78.5096979
hyderabad,LB Nagar,17.3501617,78.5510938
hyderabad,Gachibowli,17.4436222,78.3519638
hyderabad,Puppalaguda,17.3999951,78.3861689
hyderabad,Hitech City,17.4696885,78.3851526
hyderabad,Banjara Hills,17.4177464,78.4399014
hyderabad,Manikonda,17.3999951,78.3861689
hyderabad,Kokapet,17.4042541,78.3305213
hyderabad,Nallagandla,17.4774828,78.3060359
hyderabad,Secunderabad,17.4337246,78.5006827
hyderabad,Meerpet,17.4546432,78.5715499
hyderabad,Bandlaguda Jagir,17.372604,78.4054428
hyderabad,Ibrahim Bagh,17.3819639,78.3817498
hyderabad,B N Reddy Nagar,17.321914,78.5597937
hyderabad,Borabanda,17.4590687,78.4078664
hyderabad,Somajiguda,17.4255053,78.4585197
hyderabad,Shaikpet,17.4057955,78.4006536
hyderabad,Hastinapuram,17.3291354,78.5542145
hyderabad,Jubilee Hills,17.4308362,78.4102882
hyderabad,Nagole,17.3775306,78.5601231
hyderabad,Auto Nagar,17.342946,78.5785756
hyderabad,Nalgonda,17.375844,78.4985684
hyderabad,Kothaguda,17.458705,78.3638803
hyderabad,Pragathi Nagar,17.5200154,78.3968876
hyderabad,Himayath Nagar,17.3984765,78.4864741
hyderabad,Shamshabad,17.257207,78.3451039
hyderabad,Moti Nagar,17.4508069,78.422242
hyderabad,Kukatpally,17.4930841,78.4054408
hyderabad,Boduppal,17.3988408,78.5366218
hyderabad,Moosarambagh,17.3743532,78.5160835
hyderabad,Vanasthalipuram,17.3303179,78.568278
hyderabad,Peerzadiguda,17.4013579,78.5815697
hyderabad,Narapally,17.4176115,78.6266559
hyderabad,Hayathnagar,17.3281147,78.6045399
hyderabad,Saroornagar,17.3611655,78.5387443
hyderabad,Nanakramguda,17.4217796,78.3379784
hyderabad,Manchirevula,17.3806032,78.3456848
hyderabad,KTR Colony,17.4187817,78.4305909
hyderabad,Dundigal,17.5062095,78.5051076
hyderabad,Madhapur,17.4408924,78.3916304
hyderabad,Jeedimetla,17.519687,78.4468876
hyderabad,Adarsh Nagar,17.4835578,78.3213131
hyderabad,Narayanguda,17.3981159,78.4885006
hyderabad,Adikmet,17.4095495,78.5130943
hyderabad,Abids,17.3894783,78.477182
hyderabad,Moosapet,17.4685307,78.4206695
hyderabad,Lakdikapul,17.402857,78.4661403
hyderabad,Srinagar Colony,17.431231,78.4337951
hyderabad,Phase III,17.4141797,78.4054691
hyderabad,Nizampet,17.5083951,78.3854192
hyderabad,Habsiguda,17.4154761,78.5426918
hyderabad,Nallakunta,17.3975005,78.50557
hyderabad,Rajendra Nagar,17.3200305,78.4020096
hyderabad,Badangpet,17.3383467,78.5222127
hyderabad,Amberpet,17.3861776,78.5114709
hyderabad,Karmanghat,17.3410061,78.5329747
hyderabad,Punjagutta,17.4286964,78.4519072
hyderabad,Uppal,17.4025091,78.5612562
hyderabad,Tukkuguda,17.3836154,78.4036544
hyderabad,Yousufguda,17.4387499,78.4279866
hyderabad,Quthbullapur,17.4966655,78.4606445
hyderabad,Gandimaisamma,17.576965,78.421959
hyderabad,Suraram,17.5360946,78.4186386
hyderabad,Hyderguda,17.4012791,78.4804894
hyderabad,Kavadiguda,17.4227022,78.4917695
hyderabad,Khaja Guda,17.4192733,78.3685249
hyderabad,Kothapet,17.3750102,78.540604
hyderabad,Yella Reddy Guda,17.4348241,78.439629
hyderabad,Dilsukh Nagar,17.3688679,78.5256198
hyderabad,Musheerabad,17.4191423,78.4985732
hyderabad,Hyder Nagar,17.5014133,78.3842003
hyderabad,Gudimalkapur,17.3879203,78.4371165
hyderabad,Injapur,17.3055148,78.5934992
hyderabad,Ameerpet,17.4375012,78.4482505
hyderabad,Erragadda,17.4487999,78.4356074
hyderabad,Kachiguda,17.3900402,78.4946205
hyderabad,Himayat Nagar,17.4039678,78.483456
hyderabad,Gandipet,17.4042541,78.3305213
hyderabad,Madhura Nagar,17.3927046,78.531403
hyderabad,Upparpally,17.3564216,78.411298
hyderabad,Sanath Nagar,17.4522594,78.4446705
hyderabad,Balkampet,17.4469233,78.4504513
hyderabad,Basheer Bagh,17.4053896,78.4776447
hyderabad,Jawahar Nagar,17.4076626,78.4928021
hyderabad,Gaganpahad,17.3549315,78.4785127
hyderabad,Masab Tank,17.4029622,78.450754
hyderabad,Laxmiguda,17.3068831,78.4502374
hyderabad,Rambagh Colony,17.3623778,78.4310366
hyderabad,Kismatpur,17.3316182,78.4033571
hyderabad,Mehdipatnam,17.3942627,78.4342514
hyderabad,Champapet,17.3445706,78.5169717
hyderabad,Shamirpet,17.6618453,78.6030577
hyderabad,Buddha Nagar,17.4063505,78.5933319
hyderabad,Budvel,17.33298,78.406191
hyderabad,Attapur,17.3672244,78.4307278
hyderabad,Annojiguda,17.4326194,78.6563936
hyderabad,Koti,17.3847309,78.4836642
hyderabad,Balanagar,17.4768224,78.4219645
hyderabad,Sayeedabad,17.3627672,78.5038881
hyderabad,Khairatabad,17.4129744,78.4610582
hyderabad,Sainikpuri,17.4892154,78.5424889
hyderabad,Kapra,17.4846356,78.5610095
hyderabad,Yapral,17.5030543,78.5407976
hyderabad,Dammaiguda,17.4992875,78.5837185
hyderabad,Tarnaka,17.4285479,78.5379433
hyderabad,Kowkoor,17.5274907,78.5374779
hyderabad,Ram nagar,17.4114232,78.5076081
hyderabad,Dr A S Rao Nagar Colony,17.4830296,78.5523621
hyderabad,Bowenpally,17.465169,78.4729384
hyderabad,Padmarao Nagar,17.4256007,78.5085153
hyderabad,Turkapally,17.5417939,78.5167095
hyderabad,Safilguda,17.46162,78.5331229
hyderabad,Karkhana,17.4732138,78.5115017
hyderabad,Moula Ali,17.46171,78.5571396
hyderabad,Malkajgiri,17.4511764,78.5368997
hyderabad,Moinabad,17.2778869,78.2926325
hyderabad,Cherlapalli,17.4590351,78.6043469
hyderabad,Gunrock Enclave,17.457471,78.4964302
hyderabad,Ranga Reddy,17.4252635,78.3340241
hyderabad,Sivarampalli,17.322384,78.430635
hyderabad,Old Bowenpally,17.4772245,78.4849389
hyderabad,Maheshwaram,17.3158544,78.4828417
hyderabad,Kushaiguda,17.4825451,78.5726444
hyderabad,Mallapur,17.4405369,78.5788551
hyderabad,Neredmet,17.470446,78.5360054
hyderabad,Kothur,17.1438391,78.262652
hyderabad,Aziz Nagar,17.4798486,78.4304096
hyderabad,Nacharam,17.4284936,78.5528098
hyderabad,Syed Ali Guda,17.3884988,78.4462402
hyderabad,Alwal,17.5022292,78.5088584
hyderabad,Balapur,17.3055067,78.5042041
hyderabad,Kuntloor,17.3270918,78.6052922
hyderabad,Kaiser Nagar,17.5346598,78.4033024
hyderabad,Nawab Saheb Kunta,17.3397918,78.4578365
hyderabad,Bolarum,17.529823,78.5155062
hyderabad,Shivaji Nagar,17.4555305,78.4420255
hyderabad,Saraswathi Nagar Colony,17.3860223,78.5253082
hyderabad,Ramanthapur,17.3885044,78.5371677
hyderabad,Mettuguda,17.4355036,78.5195573
hyderabad,Chinthal Basthi,17.4922787,78.4582078
hyderabad,Gaddi Annaram,17.3916207,78.5600446
hyderabad,Rampally,17.4644896,78.6489825
hyderabad,South Hyderabad,17.3521271,78.4532015
hyderabad,Almasguda,17.3383467,78.5222127
hyderabad,New Bowenpally,17.462942,78.4712356
hyderabad,West Marredpally,17.45121,78.5020964
hyderabad,Patancheru,17.5286092,78.2674254
hyderabad,Sathya Nagar,17.3808548,78.5444958
hyderabad,Jillelguda,17.3307561,78.5408455
hyderabad,Telephone Colony,17.370484,78.5486249
hyderabad,Edi Bazaar,17.3512358,78.4911005
hyderabad,Shadnagar,17.0765076,78.2068956
hyderabad,Nampally,17.3923995,78.4701477
hyderabad,NFC Nagar,17.493049,78.40946
hyderabad,Bahadurpura,17.3570672,78.4545419
hyderabad,Chanakyapuri,17.4599973,78.5340922
hyderabad,Saidabad,17.359533,78.5147979
hyderabad,Old Malakpet,17.3787081,78.4988983
hyderabad,Hakimpet,17.4098051,78.4050926
hyderabad,New Malakpet,17.3689384,78.5159378
hyderabad,Golconda,17.3873294,78.4057336
hyderabad,Bhoiguda,17.4274096,78.4991294
hyderabad,Medak,17.5007785,78.3985352
hyderabad,Pedda Amberpet,17.3172848,78.6384505
hyderabad,Ameenpur,17.5236905,78.3317297
hyderabad,Abdullapurmet,17.3630295,78.5768953
hyderabad,Beeramguda,17.5091218,78.3004614
kolkata,South 24 Parganas,22.4689477,88.4042388
kolkata,Belghoria,22.6522888,88.4075937
kolkata,Shyam Bazar,22.5979916,88.3694857
kolkata,Sonarpur,22.4689477,88.4042388
kolkata,Nayabad,22.477646,88.4399813
kolkata,New Town,22.5882834,88.4734476
kolkata,Thakurpukur,22.4643677,88.3075322
kolkata,Konnagar,22.69972,88.3519784
kolkata,Rajarhat,22.6286173,88.44061
kolkata,Vedic Village,22.6051871,88.5287523
kolkata,Joka,22.4440967,88.3017146
kolkata,Hindmotor,22.683216,88.3482375
kolkata,Behala,22.501572,88.3209435
kolkata,Agarpara,22.6828782,88.3853645
kolkata,Kankurgachi,22.580257,88.3901375
kolkata,Hooghly,22.8992251,88.3921337
kolkata,Dhapa,22.5478233,88.4002314
kolkata,Barisha,22.4792468,88.3118473
kolkata,Jodhpur Park,22.5056055,88.363674
kolkata,Keshtopur,22.5973333,88.4338521
kolkata,Behala Chowrasta,22.4873548,88.3133794
kolkata,Uttarpara,22.6670459,88.3411458
kolkata,Sodepur,22.6999347,88.3799386
kolkata,Maniktala,22.5880896,88.3852834
kolkata,Ward No 113,22.9428583,88.6404803
kolkata,Bhowanipore,22.5325844,88.3454429
kolkata,Howrah,22.5833648,88.3403452
kolkata,Salt Lake City,22.590425,88.41692
kolkata,Barasat,22.7191072,88.4826229
kolkata,Madhyamgram,22.6947839,88.4530183
kolkata,College Street,22.5672157,88.3601335
kolkata,Santoshpur,22.4960484,88.3822296
kolkata,South Dum Dum,22.6213327,88.4011773
kolkata,Saha Para,22.9416232,88.6351344
kolkata,Haltu,22.510785,88.381874
kolkata,New Garia,22.4726577,88.3977506
kolkata,Jadavpur,22.495499,88.3709006
kolkata,Sarada Pally,22.7668367,88.3834232
kolkata,Panchpota,22.4681162,88.4196482
kolkata,Kalighat,22.5153313,88.3477052
kolkata,Elgin,22.5373748,88.3475617
kolkata,Mukundapur,22.4956263,88.398449
kolkata,Tollygunge,22.498636,88.3453908
kolkata,New Alipore,22.5111648,88.3281116
kolkata,Kasba,22.5044355,88.3721663
kolkata,Girish Park,22.5871445,88.3629415
kolkata,Cossipore,22.6173485,88.3737337
kolkata,Prince Anwar Shah Connector,22.5030565,88.3680799
kolkata,Dunlop,22.6524964,88.3773002
kolkata,Narendrapur,22.4539009,88.4184898
kolkata,Gariahat,22.5196384,88.3656241
kolkata,Lake Town,22.6057276,88.4029611
kolkata,Ballygunge,22.5280337,88.3659084
kolkata,Bansdroni,22.4735865,88.3606732
kolkata,Kamalgazi,22.4495236,88.3955392
kolkata,Alipore,22.5264928,88.3323692
kolkata,Park Street Area,22.5550448,88.3506726
kolkata,Chinar Park,22.6235808,88.4409508
kolkata,Ghose Bagan,22.5856663,88.392521
kolkata,Dum Dum Cantonment,22.6364899,88.4120228
kolkata,Baranagar,22.6530765,88.3805962
kolkata,Baguiati,22.609668,88.4276832
kolkata,Tangra,22.5565107,88.3795946
kolkata,Kaikhali,22.6344209,88.4346171
kolkata,Paschim Putiary,22.4803617,88.3377899
kolkata,Dankuni,22.6820899,88.2907444
kolkata,Purba Barisha,22.4562288,88.3071623
kolkata,Watganj,22.5423271,88.3218648
kolkata,Haldirams,22.5329132,88.3649818
kolkata,Mourigram,22.5802652,88.2560296
kolkata,Golf Green,22.4913328,88.3618382
kolkata,Ganguly Bagan,22.4798775,88.3893197
kolkata,Sinthi,22.6309909,88.3802258
kolkata,Netaji Nagar,22.770816,88.541759
kolkata,Sarsuna,22.4809986,88.284838
kolkata,Maheshtala,22.5060294,88.2501665
kolkata,Raypur,22.4110813,88.5177503
kolkata,North 24 Parganas District,22.5770022,88.349186
kolkata,Lake Gardens,22.5080547,88.3533289
kolkata,Hastings,22.5489776,88.3280129
kolkata,Saduli,22.5548978,88.5697773
kolkata,Kalikapur,22.5053017,88.4009957
kolkata,Ariadaha,22.6674338,88.3672058
kolkata,Dum Dum Park,22.603428,88.4230377
kolkata,Purbalok,22.4960295,88.401984
kolkata,EM Bypass,22.4690721,88.3912838
kolkata,Rajpur,22.4229879,88.4112027
kolkata,Dhakuria,22.5091067,88.3711314
kolkata,Tiljala,22.5326499,88.3698257
kolkata,Serampore,22.7549951,88.3416672
kolkata,Naktala,22.4738701,88.3619683
kolkata,Belgachia,22.6059241,88.3863913
kolkata,Garfa,22.5008683,88.3840456
kolkata,Bijoygarh,22.4872704,88.3685589
kolkata,Teghoria,22.6301202,88.4338489
kolkata,Shalimar,22.5551538,88.3153898
kolkata,Bangur Avenue,22.6059189,88.4111091
kolkata,Beliaghata,22.5506557,88.4039172
kolkata,Nagerbazar,22.6228349,88.4139318
kolkata,Raghunathpur,22.4093984,88.37909
kolkata,Batanagar,22.5132661,88.2229919
kolkata,Barrackpore,22.7641623,88.3776088
kolkata,Purba Putiary,22.4768118,88.3485022
kolkata,Dum Dum,22.6520597,88.4360417
kolkata,Regent Park,22.4884467,88.3560125
kolkata,Durga Nagar,22.4743607,88.3665164
kolkata,Panihati,22.6950342,88.4073585
kolkata,Rahara,22.7240621,88.3867065
kolkata,Mominpore,22.5270528,88.3260988
kolkata,Naoabad,22.4565859,88.2654363
kolkata,Baruipur,22.3607154,88.4325575
kolkata,Topsia,22.5329913,88.396456
kolkata,Baghajatin,22.4827391,88.3866708
kolkata,Paschim Barisha,22.4621691,88.2856024
kolkata,Sankharipota,22.4546059,88.2717877
kolkata,Shibpur,22.5685792,88.2942109
kolkata,Palta,22.7826288,88.3702748
kolkata,Ashok Nagar,22.4845459,88.3469837
kolkata,Domjur,22.6431635,88.2095491
kolkata,Chata Kalikapur,22.4774753,88.2626904
kolkata,Paikpara,22.6120515,88.3855648
kolkata,Purbachal,22.5104972,88.395981
kolkata,Ichapur,22.7998264,88.3739103
kolkata,Andul,22.5757025,88.2394462
kolkata,Birati,22.6632119,88.4271269
kolkata,Harinavi,22.4125168,88.4185772
kolkata,Narayantala,22.4711059,88.5281189
kolkata,Kashipur,22.6259247,88.3723226
kolkata,Khardaha,22.7156992,88.381582
kolkata,Bandel,22.9226381,88.3877415
kolkata,Ultadanga,22.5961275,88.3852833
kolkata,Ruiya,22.7520911,88.387128
kolkata,Bhasa,22.4109661,88.2808821
kolkata,Bagpota,22.4610478,88.2794703
kolkata,Boral,22.4289684,88.3740369
kolkata,Picnic Garden,22.9827423,88.4234023
kolkata,Phool Bagan,22.6796053,88.3710907
kolkata,Chinsurah,22.8992251,88.3921337
kolkata,Beniapukur,22.5490749,88.3683399
kolkata,Patipukur,22.6065505,88.3952451
kolkata,Aurobindo Park,22.436108,88.4423244
kolkata,Hanspukuria,22.4476412,88.2901876
kolkata,Bhadreswar,22.8310988,88.3570138
kolkata,Bagmari,22.5840571,88.3953292
kolkata,Nimta,22.6635721,88.4268246
kolkata,Sealdah,22.5679661,88.3711047
kolkata,Kazipara,22.7226496,88.5083659
kolkata,Shyamnagar,22.8285164,88.3801893
kolkata,Taratala,22.5076863,88.3203842
kolkata,Bankra,22.6118184,88.2752296
kolkata,Bhangar,22.509536,88.6024169
kolkata,VIP Nagar,22.5236955,88.3988632
kolkata,west,22.5753205,88.3600377
kolkata,Subhash Nagar,22.474604,88.3609589
kolkata,Bally,22.6469581,88.343612
kolkata,Chitpur,22.6161562,88.3711362
kolkata,Canning - II,22.3394405,88.5115717
kolkata,Rahuta P,22.8193089,88.3839046
kolkata,Bhagabanpur,22.4985141,88.4276296
kolkata,Ramchandrapur,22.4360078,88.3846267
kolkata,Chowbaga,22.5245363,88.4195828
kolkata,Barasat - II,22.703685,88.4718619
kolkata,Chandannagar,22.8639237,88.3703496
kolkata,Mohan Pur,22.7720477,88.3986838
kolkata,Liluah,22.6209027,88.3394035
kolkata,Dharmatala,22.5606093,88.3531662
kolkata,Mankundu,22.847312,88.3471304
kolkata,Subhasgram,22.4002155,88.4770714
kolkata,North Barrackpur,22.8604934,88.4193546
kolkata,Cantonment,22.6364899,88.4120228
kolkata,Petua,22.4142876,88.4488656
kolkata,Sankrail,22.5623444,88.2104459
kolkata,Jorabagan,22.5903989,88.3571238
kolkata,Metiabruz,22.54357,88.2679343
kolkata,Natagarh,23.1536323,88.419904
kolkata,Rishra,22.7247059,88.3434353
kolkata,Amtala,22.6332155,88.4090091
kolkata,Habra,22.8789529,88.4724036
kolkata,Naihati,22.8866078,88.424196
kolkata,Akra,22.5147366,88.2492787
kolkata,Halisahar,22.9322475,88.4248587
kolkata,Paschim Chowbaga,22.5326343,88.4030212
kolkata,Botanical Garden Area,22.5638942,88.2886063
kolkata,Budge Budge,22.4736567,88.173933
kolkata,Jorasanko,22.5834141,88.3562514
kolkata,Sahapur,22.5058805,88.3264025
kolkata,Khidirpur,22.5376181,88.3158211
kolkata,Shobhabazar,22.595881,88.3651996
kolkata,Garden Reach,22.5492997,88.2851307
kolkata,Titagarh,22.7419198,88.379201
kolkata,Noapara,22.6398418,88.3941343
kolkata,Digberia,22.6935831,88.4924943
kolkata,Rasapunja,22.4380591,88.267537
kolkata,Bantala,22.5330009,88.3963939
mumbai,Vile Parle East,19.1097455,72.8365427
mumbai,Mira Bhayandar,19.3183904,72.8991697
mumbai,Santacruz West,19.0844004,72.8372899
mumbai,Ramabai Ambedkar Nagar,19.1247542,72.9201221
mumbai,Mulund West,19.1719717,72.9511956
mumbai,Mandvi,19.1737602,72.9548131
mumbai,Vasai,19.3509804,72.8934705
mumbai,Bhuleshwar,19.1821188,72.8420516
mumbai,Sion Koliwada,19.0407302,72.8642303
mumbai,Kalbadevi,18.9492575,72.8279382
mumbai,Gandhinagar,19.1254075,72.9244226
mumbai,Malad East,19.1860219,72.8563181
mumbai,Saki Naka,19.108206,72.8828404
mumbai,Nariman Point,18.9253433,72.8180282
mumbai,Churchgate,18.9354797,72.8271741
mumbai,Khar West,19.0798361,72.8247697
mumbai,Andheri West,19.1172495,72.833968
mumbai,Borivali West,19.2298129,72.8471376
mumbai,Jacob Circle,18.9810531,72.8267863
mumbai,Kanjurmarg East,19.124102,72.9385562
mumbai,Malad West,19.1852851,72.8358611
mumbai,Bhandup West,19.1462636,72.9339461
mumbai,Naigaon,19.0095393,72.8478709
mumbai,Powai,19.1187195,72.9073476
mumbai,Goregaon West,19.1633281,72.8411995
mumbai,Kurla West,19.0686026,72.876583
mumbai,Kandivali West,19.2055321,72.8399273
mumbai,Juhu,19.1070215,72.8275275
mumbai,Chedda Nagar,19.0693463,72.9047598
mumbai,Mulund East,19.1704719,72.9610447
mumbai,Bandra East,19.0616565,72.8498111
mumbai,Sion,19.0465213,72.8632834
mumbai,Vile Parle West,19.103908,72.840301
mumbai,Andheri East,19.1158835,72.854202
mumbai,Dahisar East,19.2599822,72.8598732
mumbai,Virar,19.5091384,72.8458729
mumbai,Jogeshwari East,19.1429467,72.8551559
mumbai,Byculla,18.9766219,72.8327936
mumbai,Kanjurmarg West,19.1321171,72.9273332
mumbai,Colaba,18.9219661,72.8345657
mumbai,Vikhroli East,19.1172592,72.9355194
mumbai,Chembur,19.054818,72.8979713
mumbai,Gorai,19.2283752,72.8258655
mumbai,Borivali East,19.2187187,72.8654856
mumbai,Cuffe Parade,18.9129204,72.8201377
mumbai,Wadala,19.0210175,72.8568955
mumbai,Mahalakshmi,19.0980853,72.8265668
mumbai,Matunga East,19.0261579,72.8520846
mumbai,Antop Hill,19.0267547,72.86421
mumbai,Mahim,19.0427721,72.8407925
mumbai,Ghatkopar East,19.0833438,72.9123246
mumbai,Kurla East,19.0628944,72.8825604
mumbai,Wadala East,19.0210175,72.8568955
mumbai,Anushakti Nagar,19.0395778,72.9221562
mumbai,Ghatkopar West,19.0897439,72.9048035
mumbai,Kandivali East,19.2051958,72.8626165
mumbai,Mankhurd,19.0482086,72.9317136
mumbai,Santacruz East,19.0781806,72.8677752
mumbai,Bandra West,19.0583358,72.8302669
mumbai,Goregaon East,19.1692623,72.8552548
mumbai,Sewri,18.9987796,72.8544218
mumbai,Kharodi,19.191684,72.8140978
mumbai,Prabhadevi,19.0074717,72.8358965
mumbai,Shivaji Nagar,19.0637885,72.9249
mumbai,Palghar,19.3183904,72.8991697
mumbai,Navghar,19.1694318,72.9593374
mumbai,Dadar East,19.0162531,72.8522274
mumbai,Parel,18.9883872,72.8394086
mumbai,Dadar West,19.0238887,72.8382236
mumbai,Shivaji Park,19.0267688,72.8366692
mumbai,Matunga West,19.0317259,72.8433917
mumbai,Pali Hill,19.0649126,72.8270326
mumbai,Dahisar West,19.248875,72.852959
mumbai,Vikhroli West,19.114541,72.9257184
mumbai,Tardeo,18.9749183,72.8134203
mumbai,Umerkhadi,18.9613939,72.8365872
mumbai,Lower Parel,18.99568,72.8302756
mumbai,Jogeshwari West,19.136394,72.8373817
mumbai,Grant Road,18.966359,72.8157301
mumbai,Cumballa Hill,18.968623,72.8068368
mumbai,Boisar,19.1903507,72.8855597
mumbai,Vidyavihar,19.0795422,72.8971169
mumbai,Gamdevi,19.0979894,72.911962
mumbai,Mumbai Central,18.9695855,72.8193152
mumbai,Malabar Hill,18.9581616,72.8033665
mumbai,Worli,18.9988405,72.8170327
mumbai,Girgaon,18.9543165,72.8179082
mumbai,Chinchpokli,18.9871984,72.8326716
mumbai,Govandi,19.0553688,72.9150702
mumbai,Agripada,18.9740205,72.8250202
mumbai,Kamathipura,18.9650659,72.8261833
mumbai,Arya Nagar,19.113194,72.8321457
mumbai,Bhandup East,19.1378308,72.9361964
mumbai,Madh,19.1375285,72.7918857
mumbai,Nashik,20.0111414,73.8138567
mumbai,Nalasopara West,19.012455,72.835058
mumbai,Trombay,19.033651,72.9503637
mumbai,Masjid Bandar,18.9533897,72.8391555
mumbai,Dharavi,19.044463,72.8586177
mumbai,Dahanu,19.517518,72.8497884
pune,Wadgaon Sheri,18.548967,73.9149296
pune,Punawale,18.6382904,73.7461948
pune,Kalyani Nagar,18.5481382,73.9025513
pune,Ravet,18.643269,73.7450557
pune,Pimpri,18.6231854,73.8019932
pune,Hinjawadi,18.5927532,73.7382151
pune,Dhayari,18.4373984,73.8190432
pune,Hinjawadi Phase 2,18.5938279,73.7079111
pune,Tathawade,18.6153997,73.7501907
pune,Mundhwa,18.5343218,73.9298264
pune,Bavdhan,18.5209541,73.7780873
pune,Chinchwad,18.6403548,73.7917128
pune,Balewadi,18.5820266,73.7689831
pune,Baner,18.5589937,73.7845232
pune,Hinjawadi Phase 3,18.5860879,73.687338
pune,Marunji,18.6116702,73.7156487
pune,Kharadi,18.5512763,73.9416575
pune,Kondhwa,18.4779905,73.8940627
pune,Kothrud,18.5072618,73.8056676
pune,Undri,18.4519302,73.8913901
pune,Pashan,18.5386704,73.7952542
pune,Wanowrie,18.4883683,73.8986672
pune,Dhanori,18.5906707,73.8913189
pune,Wagholi,18.5806299,73.9833099
pune,Lohegaon,18.5803749,73.9182265
pune,Tingre Nagar,18.5847495,73.8927069
pune,Sus,18.5536672,73.752727
pune,Charholi Budruk,18.6428729,73.8780697
pune,Kiwale,18.8496805,73.8034486
pune,Karve Nagar,18.4894205,73.821347
pune,Wakad,18.6022495,73.7644454
pune,Upper Kharadi,18.5669393,73.9628453
pune,Mahalunge,19.0931323,73.7526518
pune,Handewadi,18.4851264,73.9316774
pune,Nanded,18.4562606,73.7860232
pune,Sinhagad Road,18.5004596,73.8446078
pune,Pisoli,18.4516288,73.8927589
pune,Vikas Nagar,18.4656426,73.8176244
pune,Bhugaon,18.5000084,73.7501119
pune,Hadapsar,18.5007741,73.9379146
pune,Shivaji Nagar,18.532172,73.8496602
pune,Erandwane,18.5087486,73.8318432
pune,Keshav Nagar,18.5322658,73.9383844
pune,Nigdi,18.6598134,73.7772821
pune,Fursungi,18.4726271,73.9791077
pune,Maan,18.5746155,73.7092529
pune,Viman Nagar,18.5703877,73.9133336
pune,Manjari Khurd,18.5258016,73.9920372
pune,Shewalewadi,18.4954862,73.9713563
pune,Pimple Nilakh,18.5696605,73.794051
pune,Moshi,18.6523154,73.8442032
pune,Koregaon Park,18.5366225,73.8932738
pune,Mamurdi,18.6852443,73.722612
pune,Kondhwa Budruk,18.4576183,73.8865816
pune,Pirangut,18.5112818,73.6790069
pune,Manjari Budruk,18.5122093,73.9719339
pune,Dighi,18.6227121,73.8738776
pune,Ambegaon,19.0316936,73.9500301
pune,Ambegaon Budruk,18.4490308,73.8528624
pune,Dehu Road Cantonment,18.6691412,73.7511152
pune,Bibwewadi,18.4752329,73.8562486
pune,Magarpatta City,18.5111545,73.9273823
pune,Yewalewadi,18.4358283,73.8963635
pune,Chikhali,18.6642449,73.8266835
pune,Dhankawadi,18.4654198,73.850152
pune,Gahunje,18.6668233,73.7020767
pune,Mulshi,18.5000153,73.513737
pune,Chandan Nagar,18.5570956,73.9280864
pune,Pimple Saudagar,18.5981553,73.7977661
pune,Deccan Gymkhana,18.5158926,73.84116
pune,Ashok Nagar,18.1546781,74.5832768
pune,Balaji Nagar,18.4532267,73.8583793
pune,Ganeshkhind,18.549946,73.8207947
pune,Kesnand,18.5726953,74.0219361
pune,Hingne Khurd,18.4796701,73.8250995
pune,Wanwadi,18.4880464,73.8937064
pune,Katraj,18.4536792,73.8563196
pune,Shaniwar Peth,18.5192839,73.8524863
pune,Bhukum,18.4945396,73.7214015
pune,Aundh,18.5618834,73.8101957
pune,Amanora Park Town,18.5178111,73.9461373
pune,Vadgaon Budruk,18.4674971,73.825365
pune,Ghorpadi,18.5268544,73.9000956
pune,Talegaon Dabhade,18.7337107,73.6728593
pune,Thergaon,18.609275,73.7729374
pune,Narhe,18.1919971,73.8594505
pune,Rahatani,18.6024826,73.7959899
pune,Warje,18.4820444,73.8001705
pune,Shirgaon,18.6788722,73.6868794
pune,Gultekdi,18.4938936,73.8676329
pune,Pimple Gurav,18.5874457,73.8213076
pune,Yerawada,18.5656319,73.8865762
pune,Jagtap Dairy,18.5938349,73.7865841
pune,Ganesh Nagar,18.5927116,73.8625967
pune,Budhwar Peth,18.5175599,73.858037
pune,Mukund Nagar,18.4952174,73.8662236
pune,Narayan Peth,18.5155793,73.8510765
pune,Chande,18.555014,73.7054311
pune,Camp,18.5216239,73.8717527
pune,Pune Cantonment,18.5109073,73.8851018
pune,Sadashiv Peth,18.5107764,73.8502149
pune,Khadewadi,18.4574484,73.6981872
pune,Wanjalewadi,18.4593228,73.7102549
pune,Yashwantrao Chavan Nagar,18.4930978,73.853733
pune,Somatane,18.703448,73.680582
pune,Akurdi,18.6486418,73.7647081
pune,Siddheshwar,18.5745578,73.8835314
pune,Chakan,18.7623111,73.8625448
pune,Maharshi Nagar,18.4933317,73.8711103
pune,Spine Road,18.6654258,73.80322
pune,Ambegaon Pathar,18.4539864,73.8409138
pune,Bakori,18.5936875,74.0132518
pune,Kirkatwadi,18.4463007,73.7888904
pune,Alandi,18.6772446,73.8981129
pune,Old Sangvi,18.574108,73.8203773
pune,Vishrantwadi,18.57263,73.87825
pune,Gorhe Bk.,18.4209497,73.7557921
pune,Mahatma Phule Peth,18.5196396,73.880335
pune,Bopodi,18.5696611,73.8381029
pune,Loni Kalbhor,18.488353,74.0221934
pune,Vadgaon,18.7425866,73.6366603
pune,Lavasa,18.4045968,73.5041748
pune,Ambegaon Bk,18.458277,73.8288202
pune,Baramati,18.2198538,74.4534054
pune,Uruli Kanchan,18.4872401,74.133
pune,New Sangvi,18.564266,73.8280522
pune,Induri,18.7368988,73.7162018
pune,Dapodi,18.5816816,73.8326689
pune,Shikrapur,18.695989,74.1369009
pune,Chimbali,18.6900914,73.8716004
pune,Daund,18.4834351,74.3621686
pune,Narayangaon,19.1202895,73.9732877
pune,Bhosari,18.6210093,73.8501298
pune,Nira,18.1002478,74.2136809
pune,Rajgurunagar,18.8555378,73.8863954
pune,Bhor,18.2127607,73.8163663
pune,Kunjirwadi,18.5001655,74.0920721
pune,Bopkhel,18.5775917,73.8533183
pune,Lonikand,18.5946327,74.032192
pune,Kasarsai,18.6250784,73.6456053
pune,Pachane,18.6236352,73.6350059
pune,Urse,18.7039968,73.6391258
pune,Dhamni,20.3746625,77.4540418
pune,Ganga Dham,18.4792792,73.8753922
pune,Nasrapur,18.2488013,73.8881807
